<?xml version="1.0" encoding="utf-8"?>
<!--/5363276/575817/2.49/2/2/Capacitor Polarised/-->
<quadcept_library>
  <setting unit="mil" />
  <textstyle name="Default" height="47.244094488189" strokewidth="7.8740157480315" charwidth="47.244094488189" />
  <textstyle name="Dimension" height="19.6850393700787" strokewidth="0" charwidth="19.6850393700787" />
  <textstyle name="H127W0635TH00762" height="50" strokewidth="3" charwidth="25" />
  <textstyle name="H15W15TH02" height="59.0551181102362" strokewidth="7.8740157480315" charwidth="59.0551181102362" />
  <padstyle name="r685_245" surface="True" plated="False" isvia="False" nopaste="False" nomask="True" complex="False" holesize="0">
    <padshape layer="TOP" shape="rectangle" width="96.456692913385" height="269.68503937008" />
    <padshape layer="TOP_SOLDER_MASK" shape="rectangle" width="104.33070866142" height="277.55905511811" />
    <padshape layer="TOP_SOLDER_PASTE" shape="rectangle" width="96.456692913385" height="269.68503937008" />
  </padstyle>
  <footprint name="CAPAE1660X1750N" originx="0" originy="0" pickpointx="0" pickpointy="0">
    <pcbpin number="1" name="1" style="r685_245" originx="-261.81102362204" originy="0" rotation="90" />
    <pcbpin number="2" name="2" style="r685_245" originx="261.81102362204" originy="0" rotation="90" />
    <line layer="TOP_PLACE_BOUND" originx="-416.33858267716" originy="346.45669291338" endx="416.33858267716" endy="346.45669291338" width="1.9685039370079" />
    <line layer="TOP_PLACE_BOUND" originx="416.33858267716" originy="346.45669291338" endx="416.33858267716" endy="-346.45669291338" width="1.9685039370079" />
    <line layer="TOP_PLACE_BOUND" originx="416.33858267716" originy="-346.45669291338" endx="-416.33858267716" endy="-346.45669291338" width="1.9685039370079" />
    <line layer="TOP_PLACE_BOUND" originx="-416.33858267716" originy="-346.45669291338" endx="-416.33858267716" endy="346.45669291338" width="1.9685039370079" />
    <line layer="TOP_ASSEMBLY" originx="326.7716535433" originy="326.7716535433" endx="-163.38582677165" endy="326.7716535433" width="3.9370078740157" />
    <line layer="TOP_ASSEMBLY" originx="-163.38582677165" originy="326.7716535433" endx="-326.7716535433" endy="163.38582677165" width="3.9370078740157" />
    <line layer="TOP_ASSEMBLY" originx="-326.7716535433" originy="163.38582677165" endx="-326.7716535433" endy="-163.38582677165" width="3.9370078740157" />
    <line layer="TOP_ASSEMBLY" originx="-326.7716535433" originy="-163.38582677165" endx="-163.38582677165" endy="-326.7716535433" width="3.9370078740157" />
    <line layer="TOP_ASSEMBLY" originx="-163.38582677165" originy="-326.7716535433" endx="326.7716535433" endy="-326.7716535433" width="3.9370078740157" />
    <line layer="TOP_ASSEMBLY" originx="326.7716535433" originy="-326.7716535433" endx="326.7716535433" endy="326.7716535433" width="3.9370078740157" />
    <line layer="TOP_SILKSCREEN" originx="-396.65354330708" originy="326.7716535433" endx="326.7716535433" endy="326.7716535433" width="7.8740157480314" />
    <line layer="TOP_SILKSCREEN" originx="-163.38582677165" originy="-326.7716535433" endx="326.7716535433" endy="-326.7716535433" width="7.8740157480314" />
  </footprint>
  <symbol name="MAL215299605E3" originx="0" originy="0">
    <line originx="200" originy="100" endx="200" endy="-100" width="0" />
    <line originx="230" originy="-100" endx="200" endy="-100" width="0" />
    <line originx="230" originy="-100" endx="230" endy="100" width="0" />
    <line originx="200" originy="100" endx="230" endy="100" width="0" />
    <line originx="180" originy="50" endx="140" endy="50" width="0" />
    <line originx="160" originy="70" endx="160" endy="30" width="0" />
    <line originx="100" originy="0" endx="200" endy="0" width="0" />
    <line originx="300" originy="0" endx="400" endy="0" width="0" />
    <sympin number="1" originx="100" originy="0" rotation="180" length="100" width="7.8740157480315" flipped="False">
      <text name="pinname" originx="0" originy="-10" style="Default" rotation="0" justify="upperleft" flipped="False" hidden="True" data="+" />
      <text name="pindes" originx="0" originy="10" style="Default" rotation="0" justify="lowerleft" flipped="False" hidden="False" data="1" />
    </sympin>
    <sympin number="2" originx="400" originy="0" rotation="0" length="100" width="7.8740157480315" flipped="False">
      <text name="pinname" originx="500" originy="-10" style="Default" rotation="0" justify="upperright" flipped="False" hidden="True" data="-" />
      <text name="pindes" originx="500" originy="10" style="Default" rotation="0" justify="lowerright" flipped="False" hidden="False" data="2" />
    </sympin>
    <polygon type="polygon">
      <point x="300" y="100" />
      <point x="300" y="-100" />
      <point x="270" y="-100" />
      <point x="270" y="100" />
    </polygon>
  </symbol>
  <component name="MAL215299605E3" designatorprefix="C" height="688.97637795275" footprint="CAPAE1660X1750N">
    <comppin designator="1" sympin="1" pinswap="0" gateswap="0" gate="1" group="1" side="" type="Any" name="+" />
    <comppin designator="2" sympin="2" pinswap="0" gateswap="0" gate="1" group="1" side="" type="Any" name="-" />
    <attached_symbol gate="1" name="MAL215299605E3" />
    <pinmap designator="1" footprintpin="1" />
    <pinmap designator="2" footprintpin="2" />
    <text name="Datasheet" originx="0" originy="0" style="Default" rotation="0" justify="" flipped="False" hidden="True" data="https://www.vishay.com/docs/28459/152cme.pdf" />
    <text name="Description" originx="0" originy="0" style="Default" rotation="0" justify="" flipped="False" hidden="True" data="Aluminum Electrolytic Capacitors SMD (Chip), High Voltage" />
    <text name="Manufacturer_Name" originx="0" originy="0" style="Default" rotation="0" justify="" flipped="False" hidden="True" data="Vishay" />
    <text name="Manufacturer_Part_Number" originx="350" originy="150" style="Default" rotation="0" justify="left" flipped="False" hidden="False" data="MAL215299605E3" />
    <text name="Mouser Part Number" originx="0" originy="0" style="Default" rotation="0" justify="" flipped="False" hidden="True" data="594-MAL215299605E3" />
    <text name="Mouser Price/Stock" originx="0" originy="0" style="Default" rotation="0" justify="" flipped="False" hidden="True" data="https://www.mouser.co.uk/ProductDetail/Vishay/MAL215299605E3/?qs=xZ%2FP%252Ba9zWqY2dH6LjR2m3Q%3D%3D" />
    <text name="Arrow Part Number" originx="0" originy="0" style="Default" rotation="0" justify="" flipped="False" hidden="True" data="" />
    <text name="Arrow Price/Stock" originx="0" originy="0" style="Default" rotation="0" justify="" flipped="False" hidden="True" data="" />
  </component>
</quadcept_library>
