<?xml version="1.0" encoding="utf-8"?>
<!--/1535326/575817/2.49/4/4/Capacitor/-->
<quadcept_library>
  <setting unit="mil" />
  <textstyle name="Default" height="47.244094488189" strokewidth="7.8740157480315" charwidth="47.244094488189" />
  <textstyle name="Dimension" height="19.6850393700787" strokewidth="0" charwidth="19.6850393700787" />
  <textstyle name="H127W0635TH00762" height="50" strokewidth="3" charwidth="25" />
  <textstyle name="H15W15TH02" height="59.0551181102362" strokewidth="7.8740157480315" charwidth="59.0551181102362" />
  <padstyle name="c217.5_h145" surface="False" plated="True" isvia="False" nopaste="True" nomask="True" complex="False" holesize="57.086614173228">
    <padshape layer="TOP" shape="round" width="85.629921259841" height="85.629921259841" />
    <padshape layer="TOP_SOLDER_MASK" shape="round" width="93.503937007873" height="93.503937007873" />
    <padshape layer="INNER" shape="round" width="85.629921259841" height="85.629921259841" />
    <padshape layer="BOTTOM" shape="round" width="85.629921259841" height="85.629921259841" />
    <padshape layer="BOTTOM_SOLDER_MASK" shape="round" width="93.503937007873" height="93.503937007873" />
  </padstyle>
  <footprint name="C4AQLBW6130A3NK" originx="0" originy="0" pickpointx="0" pickpointy="0">
    <pcbpin number="1" name="1" style="c217.5_h145" originx="0" originy="0" rotation="90" />
    <pcbpin number="2" name="2" style="c217.5_h145" originx="2066.9291338582" originy="0" rotation="90" />
    <pcbpin number="3" name="3" style="c217.5_h145" originx="2066.9291338582" originy="799.21259842519" rotation="90" />
    <pcbpin number="4" name="4" style="c217.5_h145" originx="0" originy="799.21259842519" rotation="90" />
    <line layer="TOP_ASSEMBLY" originx="-98.425196850392" originy="-289.37007874015" endx="2165.3543307086" endy="-289.37007874015" width="7.8740157480314" />
    <line layer="TOP_ASSEMBLY" originx="2165.3543307086" originy="-289.37007874015" endx="2165.3543307086" endy="1088.5826771653" width="7.8740157480314" />
    <line layer="TOP_ASSEMBLY" originx="2165.3543307086" originy="1088.5826771653" endx="-98.425196850392" endy="1088.5826771653" width="7.8740157480314" />
    <line layer="TOP_ASSEMBLY" originx="-98.425196850392" originy="1088.5826771653" endx="-98.425196850392" endy="-289.37007874015" width="7.8740157480314" />
    <line layer="TOP_SILKSCREEN" originx="-98.425196850392" originy="1088.5826771653" endx="2165.3543307086" endy="1088.5826771653" width="3.9370078740157" />
    <line layer="TOP_SILKSCREEN" originx="2165.3543307086" originy="1088.5826771653" endx="2165.3543307086" endy="-289.37007874015" width="3.9370078740157" />
    <line layer="TOP_SILKSCREEN" originx="2165.3543307086" originy="-289.37007874015" endx="-98.425196850392" endy="-289.37007874015" width="3.9370078740157" />
    <line layer="TOP_SILKSCREEN" originx="-98.425196850392" originy="-289.37007874015" endx="-98.425196850392" endy="1088.5826771653" width="3.9370078740157" />
    <line layer="TOP_PLACE_BOUND" originx="-185.03937007874" originy="1127.9527559055" endx="2204.7244094488" endy="1127.9527559055" width="3.9370078740157" />
    <line layer="TOP_PLACE_BOUND" originx="2204.7244094488" originy="1127.9527559055" endx="2204.7244094488" endy="-328.74015748031" width="3.9370078740157" />
    <line layer="TOP_PLACE_BOUND" originx="2204.7244094488" originy="-328.74015748031" endx="-185.03937007874" endy="-328.74015748031" width="3.9370078740157" />
    <line layer="TOP_PLACE_BOUND" originx="-185.03937007874" originy="-328.74015748031" endx="-185.03937007874" endy="1127.9527559055" width="3.9370078740157" />
    <line layer="TOP_SILKSCREEN" originx="-145.66929133858" originy="0" endx="-145.66929133858" endy="0" width="7.8740157480314" />
    <arc layer="TOP_SILKSCREEN" originx="-143.70078740157" originy="0" startangle="180.0" sweepangle="180.0" radius="1.9685039370079" width="7.8740157480314" />
    <line layer="TOP_SILKSCREEN" originx="-141.73228346457" originy="0" endx="-141.73228346457" endy="0" width="7.8740157480314" />
    <arc layer="TOP_SILKSCREEN" originx="-143.70078740157" originy="0" startangle=".0" sweepangle="180.0" radius="1.9685039370079" width="7.8740157480314" />
    <line layer="TOP_SILKSCREEN" originx="-145.66929133858" originy="0" endx="-145.66929133858" endy="0" width="7.8740157480314" />
    <arc layer="TOP_SILKSCREEN" originx="-143.70078740157" originy="0" startangle="180.0" sweepangle="180.0" radius="1.9685039370079" width="7.8740157480314" />
  </footprint>
  <symbol name="C4AQLBW6130A3NK" originx="0" originy="0">
    <line originx="200" originy="100" endx="600" endy="100" width="0" />
    <line originx="600" originy="-200" endx="600" endy="100" width="0" />
    <line originx="600" originy="-200" endx="200" endy="-200" width="0" />
    <line originx="200" originy="100" endx="200" endy="-200" width="0" />
    <sympin number="1" originx="200" originy="-100" rotation="180" length="100" width="7.8740157480315" flipped="False">
      <text name="pinname" originx="230" originy="-100" style="Default" rotation="0" justify="left" flipped="False" hidden="False" data="1" />
      <text name="pindes" originx="140" originy="-80" style="Default" rotation="0" justify="lowerright" flipped="False" hidden="False" data="1" />
    </sympin>
    <sympin number="2" originx="600" originy="-100" rotation="0" length="100" width="7.8740157480315" flipped="False">
      <text name="pinname" originx="570" originy="-100" style="Default" rotation="0" justify="right" flipped="False" hidden="False" data="2" />
      <text name="pindes" originx="660" originy="-80" style="Default" rotation="0" justify="lowerleft" flipped="False" hidden="False" data="2" />
    </sympin>
    <sympin number="3" originx="600" originy="0" rotation="0" length="100" width="7.8740157480315" flipped="False">
      <text name="pinname" originx="570" originy="0" style="Default" rotation="0" justify="right" flipped="False" hidden="False" data="3" />
      <text name="pindes" originx="660" originy="20" style="Default" rotation="0" justify="lowerleft" flipped="False" hidden="False" data="3" />
    </sympin>
    <sympin number="4" originx="200" originy="0" rotation="180" length="100" width="7.8740157480315" flipped="False">
      <text name="pinname" originx="230" originy="0" style="Default" rotation="0" justify="left" flipped="False" hidden="False" data="4" />
      <text name="pindes" originx="140" originy="20" style="Default" rotation="0" justify="lowerright" flipped="False" hidden="False" data="4" />
    </sympin>
  </symbol>
  <component name="C4AQLBW6130A3NK" designatorprefix="C" height="1980.3149606299" footprint="C4AQLBW6130A3NK">
    <comppin designator="1" sympin="1" pinswap="0" gateswap="0" gate="1" group="1" side="" type="Any" name="1" />
    <comppin designator="2" sympin="2" pinswap="0" gateswap="0" gate="1" group="1" side="" type="Any" name="2" />
    <comppin designator="3" sympin="3" pinswap="0" gateswap="0" gate="1" group="1" side="" type="Any" name="3" />
    <comppin designator="4" sympin="4" pinswap="0" gateswap="0" gate="1" group="1" side="" type="Any" name="4" />
    <attached_symbol gate="1" name="C4AQLBW6130A3NK" />
    <pinmap designator="1" footprintpin="1" />
    <pinmap designator="2" footprintpin="2" />
    <pinmap designator="3" footprintpin="3" />
    <pinmap designator="4" footprintpin="4" />
    <text name="Datasheet" originx="0" originy="0" style="Default" rotation="0" justify="" flipped="False" hidden="True" data="https://content.kemet.com/datasheets/F3303_C4A.pdf" />
    <text name="Description" originx="0" originy="0" style="Default" rotation="0" justify="" flipped="False" hidden="True" data="Film Capacitors 500V 130uF LS=52.5mm 10% AEC-Q200" />
    <text name="Manufacturer_Name" originx="0" originy="0" style="Default" rotation="0" justify="" flipped="False" hidden="True" data="Kemet" />
    <text name="Manufacturer_Part_Number" originx="650" originy="200" style="Default" rotation="0" justify="left" flipped="False" hidden="False" data="C4AQLBW6130A3NK" />
    <text name="Mouser Part Number" originx="0" originy="0" style="Default" rotation="0" justify="" flipped="False" hidden="True" data="80-C4AQLBW6130A3NK" />
    <text name="Mouser Price/Stock" originx="0" originy="0" style="Default" rotation="0" justify="" flipped="False" hidden="True" data="https://www.mouser.co.uk/ProductDetail/KEMET/C4AQLBW6130A3NK?qs=r5DSvlrkXmLSXM5tpbL00Q%3D%3D" />
    <text name="Arrow Part Number" originx="0" originy="0" style="Default" rotation="0" justify="" flipped="False" hidden="True" data="" />
    <text name="Arrow Price/Stock" originx="0" originy="0" style="Default" rotation="0" justify="" flipped="False" hidden="True" data="" />
  </component>
</quadcept_library>
